Id,Team,League,Year,RS,RA,W,OBP,SLG,BA,Playoffs,RankSeason,RankPlayoffs,G,OOBP,OSLG
301,ANA,AL,2002,851,644,99,0.341,0.433,0.282,1,3,1,162,0.314,0.392
302,ARI,NL,2002,819,674,98,0.346,0.423,0.267,1,4,4,162,0.305,0.397
303,ATL,NL,2002,708,565,101,0.331,0.409,0.26,1,2,4,161,0.313,0.364
304,BAL,AL,2002,667,773,67,0.309,0.403,0.246,0,,,162,0.336,0.435
305,BOS,AL,2002,859,665,93,0.345,0.444,0.277,0,,,162,0.308,0.385
306,CHC,NL,2002,706,759,67,0.321,0.413,0.246,0,,,162,0.331,0.407
307,CHW,AL,2002,856,798,81,0.338,0.449,0.268,0,,,162,0.33,0.423
308,CIN,NL,2002,709,774,78,0.33,0.408,0.253,0,,,162,0.338,0.426
309,CLE,AL,2002,739,837,74,0.321,0.412,0.249,0,,,162,0.348,0.423
310,COL,NL,2002,778,898,73,0.337,0.423,0.274,0,,,162,0.349,0.466
311,DET,AL,2002,575,864,55,0.3,0.379,0.248,0,,,161,0.343,0.455
312,FLA,NL,2002,699,763,79,0.337,0.403,0.261,0,,,162,0.341,0.415
313,HOU,NL,2002,749,695,84,0.338,0.417,0.262,0,,,162,0.33,0.41
314,KCR,AL,2002,737,891,62,0.323,0.398,0.256,0,,,162,0.349,0.464
315,LAD,NL,2002,713,643,92,0.32,0.409,0.264,0,,,162,0.315,0.387
316,MIL,NL,2002,627,821,56,0.32,0.39,0.253,0,,,162,0.352,0.442
317,MIN,AL,2002,768,712,94,0.332,0.437,0.272,1,7,3,161,0.318,0.421
318,MON,NL,2002,735,718,83,0.334,0.418,0.261,0,,,162,0.329,0.421
319,NYM,NL,2002,690,703,75,0.322,0.395,0.256,0,,,161,0.327,0.403
320,NYY,AL,2002,897,697,103,0.354,0.455,0.275,1,1,4,161,0.309,0.395
321,OAK,AL,2002,800,654,103,0.339,0.432,0.261,1,1,4,162,0.315,0.384
322,PHI,NL,2002,710,724,80,0.339,0.422,0.259,0,,,161,0.328,0.401
323,PIT,NL,2002,641,730,72,0.319,0.381,0.244,0,,,161,0.342,0.423
324,SDP,NL,2002,662,815,66,0.321,0.381,0.253,0,,,162,0.346,0.442
325,SEA,AL,2002,814,699,93,0.35,0.419,0.275,0,,,162,0.315,0.41
326,SFG,NL,2002,783,616,95,0.344,0.442,0.267,1,6,2,162,0.319,0.372
327,STL,NL,2002,787,648,97,0.338,0.425,0.268,1,5,3,162,0.323,0.386
328,TBD,AL,2002,673,918,55,0.314,0.39,0.253,0,,,161,0.357,0.463
329,TEX,AL,2002,843,882,72,0.338,0.455,0.269,0,,,162,0.355,0.451
330,TOR,AL,2002,813,828,78,0.327,0.43,0.261,0,,,162,0.344,0.431
331,ANA,AL,2001,691,730,75,0.327,0.405,0.261,0,,,162,0.331,0.412
332,ARI,NL,2001,818,677,92,0.341,0.442,0.267,1,5,1,162,0.311,0.404
333,ATL,NL,2001,729,643,88,0.324,0.412,0.26,1,7,3,162,0.314,0.384
334,BAL,AL,2001,687,829,63,0.319,0.38,0.248,0,,,162,0.337,0.439
335,BOS,AL,2001,772,745,82,0.334,0.439,0.266,0,,,161,0.329,0.393
336,CHC,NL,2001,777,701,88,0.336,0.43,0.261,0,,,162,0.321,0.398
337,CHW,AL,2001,798,795,83,0.334,0.451,0.268,0,,,162,0.334,0.427
338,CIN,NL,2001,735,850,66,0.324,0.419,0.262,0,,,162,0.341,0.455
339,CLE,AL,2001,897,821,91,0.35,0.458,0.278,1,6,4,162,0.341,0.417
340,COL,NL,2001,923,906,73,0.354,0.483,0.292,0,,,162,0.35,0.48
341,DET,AL,2001,724,876,66,0.32,0.409,0.26,0,,,162,0.357,0.461
342,FLA,NL,2001,742,744,76,0.326,0.423,0.264,0,,,162,0.338,0.411
343,HOU,NL,2001,847,769,93,0.347,0.451,0.271,1,4,4,162,0.325,0.437
344,KCR,AL,2001,729,858,65,0.318,0.409,0.266,0,,,162,0.348,0.45
345,LAD,NL,2001,758,744,86,0.323,0.425,0.255,0,,,162,0.323,0.411
346,MIL,NL,2001,740,806,68,0.319,0.426,0.251,0,,,162,0.35,0.44
347,MIN,AL,2001,771,766,85,0.337,0.433,0.272,0,,,162,0.325,0.437
348,MON,NL,2001,670,812,68,0.319,0.396,0.253,0,,,162,0.339,0.441
349,NYM,NL,2001,642,713,82,0.323,0.387,0.249,0,,,162,0.314,0.419
350,NYY,AL,2001,804,713,95,0.334,0.435,0.267,1,3,2,161,0.318,0.398
351,OAK,AL,2001,884,645,102,0.345,0.439,0.264,1,2,4,162,0.308,0.38
352,PHI,NL,2001,746,719,86,0.329,0.414,0.26,0,,,162,0.329,0.424
353,PIT,NL,2001,657,858,62,0.313,0.393,0.247,0,,,162,0.344,0.433
354,SDP,NL,2001,789,812,79,0.336,0.399,0.252,0,,,162,0.33,0.45
355,SEA,AL,2001,927,627,116,0.36,0.445,0.288,1,1,3,162,0.301,0.378
356,SFG,NL,2001,799,748,90,0.342,0.46,0.266,0,,,162,0.329,0.404
357,STL,NL,2001,814,684,93,0.339,0.441,0.27,1,4,4,162,0.328,0.428
358,TBD,AL,2001,672,887,62,0.32,0.388,0.258,0,,,162,0.345,0.452
359,TEX,AL,2001,890,968,73,0.344,0.471,0.275,0,,,162,0.362,0.494
360,TOR,AL,2001,767,753,80,0.325,0.43,0.263,0,,,162,0.339,0.435
361,ANA,AL,2000,864,869,82,0.352,0.472,0.28,0,,,162,0.351,0.453
362,ARI,NL,2000,792,754,85,0.333,0.429,0.265,0,,,162,0.326,0.424
363,ATL,NL,2000,810,714,95,0.346,0.429,0.271,1,2,4,162,0.319,0.402
364,BAL,AL,2000,794,913,74,0.341,0.435,0.272,0,,,162,0.352,0.449
365,BOS,AL,2000,792,745,85,0.341,0.423,0.267,0,,,162,0.322,0.411
366,CHC,NL,2000,764,904,65,0.335,0.411,0.256,0,,,162,0.348,0.452
367,CHW,AL,2000,978,839,95,0.356,0.47,0.286,1,2,4,162,0.346,0.434
368,CIN,NL,2000,825,765,85,0.343,0.447,0.274,0,,,163,0.341,0.438
369,CLE,AL,2000,950,816,90,0.367,0.47,0.288,0,,,162,0.35,0.425
370,COL,NL,2000,968,897,82,0.362,0.455,0.294,0,,,162,0.354,0.471
371,DET,AL,2000,823,827,79,0.343,0.438,0.275,0,,,162,0.34,0.443
372,FLA,NL,2000,731,797,79,0.331,0.409,0.262,0,,,161,0.348,0.429
373,HOU,NL,2000,938,944,72,0.361,0.477,0.278,0,,,162,0.353,0.476
374,KCR,AL,2000,879,930,77,0.348,0.425,0.288,0,,,162,0.362,0.474
375,LAD,NL,2000,798,729,86,0.341,0.431,0.257,0,,,162,0.332,0.407
376,MIL,NL,2000,740,826,73,0.325,0.403,0.246,0,,,163,0.357,0.42
377,MIN,AL,2000,748,880,69,0.337,0.407,0.27,0,,,162,0.347,0.466
378,MON,NL,2000,738,902,67,0.326,0.432,0.266,0,,,162,0.353,0.449
379,NYM,NL,2000,807,738,94,0.346,0.43,0.263,1,3,2,162,0.327,0.403
380,NYY,AL,2000,871,814,87,0.354,0.45,0.277,1,5,1,161,0.336,0.422
381,OAK,AL,2000,947,813,91,0.36,0.458,0.27,1,4,4,161,0.348,0.423
382,PHI,NL,2000,708,830,65,0.329,0.4,0.251,0,,,162,0.343,0.448
383,PIT,NL,2000,793,888,69,0.339,0.424,0.267,0,,,162,0.361,0.432
384,SDP,NL,2000,752,815,76,0.33,0.402,0.254,0,,,162,0.34,0.416
385,SEA,AL,2000,907,780,91,0.361,0.442,0.269,1,4,3,162,0.339,0.416
386,SFG,NL,2000,925,747,97,0.362,0.472,0.278,1,1,4,162,0.342,0.412
387,STL,NL,2000,887,771,95,0.356,0.455,0.27,1,2,3,162,0.338,0.434
388,TBD,AL,2000,733,842,69,0.329,0.399,0.257,0,,,161,0.345,0.451
389,TEX,AL,2000,848,974,71,0.352,0.446,0.283,0,,,162,0.369,0.475
390,TOR,AL,2000,861,908,83,0.341,0.469,0.275,0,,,162,0.354,0.456
391,ANA,AL,1999,711,826,70,0.322,0.395,0.256,0,,,162,0.346,0.427
392,ARI,NL,1999,908,676,100,0.347,0.459,0.277,1,2,4,162,0.32,0.402
393,ATL,NL,1999,840,661,103,0.341,0.436,0.266,1,1,2,162,0.314,0.377
394,BAL,AL,1999,851,815,78,0.353,0.447,0.279,0,,,162,0.35,0.441
395,BOS,AL,1999,836,718,94,0.35,0.448,0.278,1,6,3,162,0.315,0.398
396,CHC,NL,1999,747,920,67,0.329,0.42,0.257,0,,,162,0.346,0.467
397,CHW,AL,1999,777,870,75,0.337,0.429,0.277,0,,,162,0.353,0.447
398,CIN,NL,1999,865,711,96,0.341,0.451,0.272,0,,,163,0.324,0.411
399,CLE,AL,1999,1009,860,97,0.373,0.467,0.289,1,4,4,162,0.347,0.439
400,COL,NL,1999,906,1028,72,0.348,0.472,0.288,0,,,162,0.384,0.499
401,DET,AL,1999,747,882,69,0.326,0.443,0.261,0,,,161,0.349,0.451
402,FLA,NL,1999,691,852,64,0.325,0.395,0.263,0,,,162,0.359,0.44
403,HOU,NL,1999,823,675,97,0.355,0.42,0.267,1,4,4,162,0.326,0.397
404,KCR,AL,1999,856,921,64,0.348,0.433,0.282,0,,,161,0.365,0.454
405,LAD,NL,1999,793,787,77,0.339,0.42,0.266,0,,,162,0.336,0.422
406,MIL,NL,1999,815,886,74,0.353,0.426,0.273,0,,,161,0.356,0.457
407,MIN,AL,1999,686,845,63,0.328,0.384,0.264,0,,,161,0.342,0.465
408,MON,NL,1999,718,853,68,0.323,0.427,0.265,0,,,162,0.342,0.418
409,NYM,NL,1999,853,711,97,0.363,0.434,0.279,1,4,3,163,0.331,0.418
410,NYY,AL,1999,900,731,98,0.366,0.453,0.282,1,3,1,162,0.329,0.4
411,OAK,AL,1999,893,846,87,0.355,0.446,0.259,0,,,162,0.344,0.428
412,PHI,NL,1999,841,846,77,0.351,0.431,0.275,0,,,162,0.347,0.447
413,PIT,NL,1999,775,782,78,0.334,0.419,0.259,0,,,161,0.343,0.42
414,SDP,NL,1999,710,781,74,0.332,0.393,0.252,0,,,162,0.333,0.43
415,SEA,AL,1999,859,905,79,0.343,0.455,0.269,0,,,162,0.368,0.454
416,SFG,NL,1999,872,831,86,0.356,0.434,0.271,0,,,162,0.345,0.423
417,STL,NL,1999,809,838,75,0.338,0.426,0.262,0,,,161,0.355,0.427
418,TBD,AL,1999,772,913,69,0.343,0.411,0.274,0,,,162,0.371,0.448
419,TEX,AL,1999,945,859,95,0.361,0.479,0.293,1,5,4,162,0.346,0.459
420,TOR,AL,1999,883,862,84,0.352,0.457,0.28,0,,,162,0.353,0.456
421,ANA,AL,1998,787,783,85,0.335,0.415,0.272,0,,,162,,
422,ARI,NL,1998,665,812,65,0.314,0.393,0.246,0,,,162,,
423,ATL,NL,1998,826,581,106,0.342,0.453,0.272,1,2,3,162,,
424,BAL,AL,1998,817,785,79,0.347,0.447,0.273,0,,,162,,
425,BOS,AL,1998,876,729,92,0.348,0.463,0.28,1,5,4,162,,
426,CHC,NL,1998,831,792,90,0.337,0.433,0.264,1,6,4,163,,
427,CHW,AL,1998,861,931,80,0.339,0.444,0.271,0,,,163,,
428,CIN,NL,1998,750,760,77,0.337,0.402,0.262,0,,,162,,
429,CLE,AL,1998,850,779,89,0.347,0.448,0.272,1,7,3,162,,
430,COL,NL,1998,826,855,77,0.347,0.461,0.291,0,,,162,,
431,DET,AL,1998,722,863,65,0.323,0.415,0.264,0,,,162,,
432,FLA,NL,1998,667,923,54,0.317,0.373,0.248,0,,,162,,
433,HOU,NL,1998,874,620,102,0.356,0.436,0.28,1,3,4,162,,
434,KCR,AL,1998,714,899,72,0.324,0.399,0.263,0,,,161,,
435,LAD,NL,1998,669,678,83,0.31,0.387,0.252,0,,,162,,
436,MIL,NL,1998,707,812,74,0.33,0.396,0.26,0,,,162,,
437,MIN,AL,1998,734,818,70,0.328,0.389,0.266,0,,,162,,
438,MON,NL,1998,644,783,65,0.31,0.394,0.249,0,,,162,,
439,NYM,NL,1998,706,645,88,0.33,0.394,0.259,0,,,162,,
440,NYY,AL,1998,965,656,114,0.364,0.46,0.288,1,1,1,162,,
441,OAK,AL,1998,804,866,74,0.338,0.397,0.257,0,,,162,,
442,PHI,NL,1998,713,808,75,0.326,0.395,0.264,0,,,162,,
443,PIT,NL,1998,650,718,69,0.311,0.374,0.254,0,,,163,,
444,SDP,NL,1998,749,635,98,0.33,0.409,0.253,1,4,2,162,,
445,SEA,AL,1998,859,855,76,0.345,0.468,0.276,0,,,161,,
446,SFG,NL,1998,845,739,89,0.353,0.421,0.274,0,,,163,,
447,STL,NL,1998,810,782,83,0.341,0.441,0.258,0,,,163,,
448,TBD,AL,1998,620,751,63,0.321,0.385,0.261,0,,,162,,
449,TEX,AL,1998,940,871,88,0.357,0.462,0.289,1,8,4,162,,
450,TOR,AL,1998,816,768,88,0.34,0.448,0.266,0,,,163,,
451,ANA,AL,1997,829,794,84,0.346,0.416,0.272,0,,,162,,
452,ATL,NL,1997,791,581,101,0.343,0.426,0.27,1,1,3,162,,
453,BAL,AL,1997,812,681,98,0.341,0.429,0.268,1,2,3,162,,
454,BOS,AL,1997,851,857,78,0.352,0.463,0.291,0,,,162,,
455,CHC,NL,1997,687,759,68,0.321,0.396,0.263,0,,,162,,
456,CHW,AL,1997,779,833,80,0.341,0.417,0.273,0,,,161,,
457,CIN,NL,1997,651,764,76,0.321,0.389,0.253,0,,,162,,
458,CLE,AL,1997,868,815,86,0.358,0.467,0.286,1,6,2,161,,
459,COL,NL,1997,923,908,83,0.357,0.478,0.288,0,,,162,,
460,DET,AL,1997,784,790,79,0.332,0.415,0.258,0,,,162,,
461,FLA,NL,1997,740,669,92,0.346,0.395,0.259,1,4,1,162,,
462,HOU,NL,1997,777,660,84,0.344,0.403,0.259,1,7,4,162,,
463,KCR,AL,1997,747,820,67,0.333,0.407,0.264,0,,,161,,
464,LAD,NL,1997,742,645,88,0.33,0.418,0.268,0,,,162,,
465,MIL,AL,1997,681,742,78,0.325,0.398,0.26,0,,,161,,
466,MIN,AL,1997,772,861,68,0.333,0.409,0.27,0,,,162,,
467,MON,NL,1997,691,740,78,0.316,0.425,0.258,0,,,162,,
468,NYM,NL,1997,777,709,88,0.332,0.405,0.262,0,,,162,,
469,NYY,AL,1997,891,688,96,0.362,0.436,0.287,1,3,4,162,,
470,OAK,AL,1997,764,946,65,0.339,0.423,0.26,0,,,162,,
471,PHI,NL,1997,668,840,68,0.322,0.385,0.255,0,,,162,,
472,PIT,NL,1997,725,760,79,0.329,0.404,0.262,0,,,162,,
473,SDP,NL,1997,795,891,76,0.342,0.407,0.271,0,,,162,,
474,SEA,AL,1997,925,833,90,0.355,0.485,0.28,1,5,4,162,,
475,SFG,NL,1997,784,793,90,0.337,0.414,0.258,1,5,4,162,,
476,STL,NL,1997,689,708,73,0.324,0.396,0.255,0,,,162,,
477,TEX,AL,1997,807,823,77,0.334,0.438,0.274,0,,,162,,
478,TOR,AL,1997,654,694,76,0.31,0.389,0.244,0,,,162,,
479,ATL,NL,1996,773,648,96,0.333,0.432,0.27,1,2,2,162,,
480,BAL,AL,1996,949,903,88,0.35,0.472,0.274,1,6,3,163,,
481,BOS,AL,1996,928,921,85,0.359,0.457,0.283,0,,,162,,
482,CAL,AL,1996,762,943,70,0.339,0.431,0.276,0,,,161,,
483,CHC,NL,1996,772,771,76,0.32,0.401,0.251,0,,,162,,
484,CHW,AL,1996,898,794,85,0.36,0.447,0.281,0,,,162,,
485,CIN,NL,1996,778,773,81,0.331,0.422,0.256,0,,,162,,
486,CLE,AL,1996,952,769,99,0.369,0.475,0.293,1,1,4,161,,
487,COL,NL,1996,961,964,83,0.355,0.472,0.287,0,,,162,,
488,DET,AL,1996,783,1103,53,0.323,0.42,0.256,0,,,162,,
489,FLA,NL,1996,688,703,80,0.329,0.393,0.257,0,,,162,,
490,HOU,NL,1996,753,792,82,0.336,0.397,0.262,0,,,162,,
491,KCR,AL,1996,746,786,75,0.332,0.398,0.267,0,,,161,,
492,LAD,NL,1996,703,652,90,0.316,0.384,0.252,1,5,4,162,,
493,MIL,AL,1996,894,899,80,0.353,0.441,0.279,0,,,162,,
494,MIN,AL,1996,877,900,78,0.357,0.425,0.288,0,,,162,,
495,MON,NL,1996,741,668,88,0.327,0.406,0.262,0,,,162,,
496,NYM,NL,1996,746,779,71,0.324,0.412,0.27,0,,,162,,
497,NYY,AL,1996,871,787,92,0.36,0.436,0.288,1,3,1,162,,
498,OAK,AL,1996,861,900,78,0.344,0.452,0.265,0,,,162,,
499,PHI,NL,1996,650,790,67,0.325,0.387,0.256,0,,,162,,
500,PIT,NL,1996,776,833,73,0.329,0.407,0.266,0,,,162,,
501,SDP,NL,1996,771,682,91,0.338,0.402,0.265,1,4,4,162,,
502,SEA,AL,1996,993,895,85,0.366,0.484,0.287,0,,,161,,
503,SFG,NL,1996,752,862,68,0.331,0.388,0.253,0,,,162,,
504,STL,NL,1996,759,706,88,0.33,0.407,0.267,1,6,3,162,,
505,TEX,AL,1996,928,799,90,0.358,0.469,0.284,1,5,4,163,,
506,TOR,AL,1996,766,809,74,0.331,0.42,0.259,0,,,162,,
507,ATL,NL,1993,767,559,104,0.331,0.408,0.262,1,1,3,162,,
508,BAL,AL,1993,786,745,85,0.346,0.413,0.267,0,,,162,,
509,BOS,AL,1993,686,698,80,0.33,0.395,0.264,0,,,162,,
510,CAL,AL,1993,684,770,71,0.331,0.38,0.26,0,,,162,,
511,CHC,NL,1993,738,739,84,0.325,0.414,0.27,0,,,163,,
512,CHW,AL,1993,776,664,94,0.338,0.411,0.265,1,4,3,162,,
513,CIN,NL,1993,722,785,73,0.324,0.396,0.264,0,,,162,,
514,CLE,AL,1993,790,813,76,0.335,0.409,0.275,0,,,162,,
515,COL,NL,1993,758,967,67,0.323,0.422,0.273,0,,,162,,
516,DET,AL,1993,899,837,85,0.362,0.434,0.275,0,,,162,,
517,FLA,NL,1993,581,724,64,0.314,0.346,0.248,0,,,162,,
518,HOU,NL,1993,716,630,85,0.33,0.409,0.267,0,,,162,,
519,KCR,AL,1993,675,694,84,0.32,0.397,0.263,0,,,162,,
520,LAD,NL,1993,675,662,81,0.321,0.383,0.261,0,,,162,,
521,MIL,AL,1993,733,792,69,0.328,0.378,0.258,0,,,162,,
522,MIN,AL,1993,693,830,71,0.327,0.385,0.264,0,,,162,,
523,MON,NL,1993,732,682,94,0.326,0.386,0.257,0,,,163,,
524,NYM,NL,1993,672,744,59,0.305,0.39,0.248,0,,,162,,
525,NYY,AL,1993,821,761,88,0.353,0.435,0.279,0,,,162,,
526,OAK,AL,1993,715,846,68,0.33,0.394,0.254,0,,,162,,
527,PHI,NL,1993,877,740,97,0.351,0.426,0.274,1,2,2,162,,
528,PIT,NL,1993,707,806,75,0.335,0.393,0.267,0,,,162,,
529,SDP,NL,1993,679,772,61,0.312,0.389,0.252,0,,,162,,
530,SEA,AL,1993,734,731,82,0.339,0.406,0.26,0,,,162,,
531,SFG,NL,1993,808,636,103,0.34,0.427,0.276,0,,,162,,
532,STL,NL,1993,758,744,87,0.341,0.395,0.272,0,,,162,,
533,TEX,AL,1993,835,751,86,0.329,0.431,0.267,0,,,162,,
534,TOR,AL,1993,847,742,95,0.35,0.436,0.279,1,3,1,162,,
535,ATL,NL,1992,682,569,98,0.316,0.388,0.254,1,1,2,162,,
536,BAL,AL,1992,705,656,89,0.34,0.398,0.259,0,,,162,,
537,BOS,AL,1992,599,669,73,0.321,0.347,0.246,0,,,162,,
538,CAL,AL,1992,579,671,72,0.301,0.338,0.243,0,,,162,,
539,CHC,NL,1992,593,624,78,0.307,0.364,0.254,0,,,162,,
540,CHW,AL,1992,738,690,86,0.336,0.383,0.261,0,,,162,,
541,CIN,NL,1992,660,609,90,0.328,0.382,0.26,0,,,162,,
542,CLE,AL,1992,674,746,76,0.323,0.383,0.266,0,,,162,,
543,DET,AL,1992,791,794,75,0.337,0.407,0.256,0,,,162,,
544,HOU,NL,1992,608,668,81,0.313,0.359,0.246,0,,,162,,
545,KCR,AL,1992,610,667,72,0.315,0.364,0.256,0,,,162,,
546,LAD,NL,1992,548,636,63,0.313,0.339,0.248,0,,,162,,
547,MIL,AL,1992,740,604,92,0.33,0.375,0.268,0,,,162,,
548,MIN,AL,1992,747,653,90,0.341,0.391,0.277,0,,,162,,
549,MON,NL,1992,648,581,87,0.313,0.37,0.252,0,,,162,,
550,NYM,NL,1992,599,653,72,0.31,0.342,0.235,0,,,162,,
551,NYY,AL,1992,733,746,76,0.328,0.406,0.261,0,,,162,,
552,OAK,AL,1992,745,672,96,0.346,0.386,0.258,1,2,3,162,,
553,PHI,NL,1992,686,717,70,0.32,0.377,0.253,0,,,162,,
554,PIT,NL,1992,693,595,96,0.324,0.381,0.255,1,2,3,162,,
555,SDP,NL,1992,617,636,82,0.313,0.386,0.255,0,,,162,,
556,SEA,AL,1992,679,799,64,0.323,0.402,0.263,0,,,162,,
557,SFG,NL,1992,574,647,72,0.302,0.355,0.244,0,,,162,,
558,STL,NL,1992,631,604,83,0.323,0.375,0.262,0,,,162,,
559,TEX,AL,1992,682,753,77,0.321,0.393,0.25,0,,,162,,
560,TOR,AL,1992,780,682,96,0.333,0.414,0.263,1,2,1,162,,
561,ATL,NL,1991,749,644,94,0.328,0.393,0.258,1,3,2,162,,
562,BAL,AL,1991,686,796,67,0.319,0.401,0.254,0,,,162,,
563,BOS,AL,1991,731,712,84,0.34,0.401,0.269,0,,,162,,
564,CAL,AL,1991,653,649,81,0.314,0.374,0.255,0,,,162,,
565,CHC,NL,1991,695,734,77,0.309,0.39,0.253,0,,,160,,
566,CHW,AL,1991,758,681,87,0.336,0.391,0.262,0,,,162,,
567,CIN,NL,1991,689,691,74,0.32,0.403,0.258,0,,,162,,
568,CLE,AL,1991,576,759,57,0.313,0.35,0.254,0,,,162,,
569,DET,AL,1991,817,794,84,0.333,0.416,0.247,0,,,162,,
570,HOU,NL,1991,605,717,65,0.309,0.347,0.244,0,,,162,,
571,KCR,AL,1991,727,722,82,0.328,0.394,0.264,0,,,162,,
572,LAD,NL,1991,665,565,93,0.326,0.359,0.253,0,,,162,,
573,MIL,AL,1991,799,744,83,0.336,0.396,0.271,0,,,162,,
574,MIN,AL,1991,776,652,95,0.344,0.42,0.28,1,2,1,162,,
575,MON,NL,1991,579,655,71,0.308,0.357,0.246,0,,,161,,
576,NYM,NL,1991,640,646,77,0.317,0.365,0.244,0,,,161,,
577,NYY,AL,1991,674,777,71,0.316,0.387,0.256,0,,,162,,
578,OAK,AL,1991,760,776,84,0.331,0.389,0.248,0,,,162,,
579,PHI,NL,1991,629,680,78,0.303,0.358,0.241,0,,,162,,
580,PIT,NL,1991,768,632,98,0.338,0.398,0.263,1,1,3,162,,
581,SDP,NL,1991,636,646,84,0.31,0.362,0.244,0,,,162,,
582,SEA,AL,1991,702,674,83,0.328,0.383,0.255,0,,,162,,
583,SFG,NL,1991,649,697,75,0.309,0.381,0.246,0,,,162,,
584,STL,NL,1991,651,648,84,0.322,0.357,0.255,0,,,162,,
585,TEX,AL,1991,829,814,85,0.341,0.424,0.27,0,,,162,,
586,TOR,AL,1991,684,622,91,0.322,0.4,0.257,1,4,3,162,,
587,ATL,NL,1990,682,821,65,0.311,0.396,0.25,0,,,162,,
588,BAL,AL,1990,669,698,76,0.33,0.37,0.245,0,,,161,,
589,BOS,AL,1990,699,664,88,0.344,0.395,0.272,1,4,3,162,,
590,CAL,AL,1990,690,706,80,0.329,0.391,0.26,0,,,162,,
591,CHC,NL,1990,690,774,77,0.314,0.392,0.263,0,,,162,,
592,CHW,AL,1990,682,633,94,0.32,0.379,0.258,0,,,162,,
593,CIN,NL,1990,693,597,91,0.325,0.399,0.265,1,3,1,162,,
594,CLE,AL,1990,732,737,77,0.324,0.391,0.267,0,,,162,,
595,DET,AL,1990,750,754,79,0.337,0.409,0.259,0,,,162,,
596,HOU,NL,1990,573,656,75,0.313,0.345,0.242,0,,,162,,
597,KCR,AL,1990,707,709,75,0.328,0.395,0.267,0,,,161,,
598,LAD,NL,1990,728,685,86,0.328,0.382,0.262,0,,,162,,
599,MIL,AL,1990,732,760,74,0.32,0.384,0.256,0,,,162,,
600,MIN,AL,1990,666,729,74,0.324,0.385,0.265,0,,,162,,
601,MON,NL,1990,662,598,85,0.322,0.37,0.25,0,,,162,,
602,NYM,NL,1990,775,613,91,0.323,0.408,0.256,0,,,162,,
603,NYY,AL,1990,603,749,67,0.3,0.366,0.241,0,,,162,,
604,OAK,AL,1990,733,570,103,0.336,0.391,0.254,1,1,2,162,,
605,PHI,NL,1990,646,729,77,0.327,0.363,0.255,0,,,162,,
606,PIT,NL,1990,733,619,95,0.33,0.405,0.259,1,2,3,162,,
607,SDP,NL,1990,673,673,75,0.32,0.38,0.257,0,,,162,,
608,SEA,AL,1990,640,680,77,0.333,0.373,0.259,0,,,162,,
609,SFG,NL,1990,719,710,85,0.323,0.396,0.262,0,,,162,,
610,STL,NL,1990,599,698,70,0.32,0.358,0.256,0,,,162,,
611,TEX,AL,1990,676,696,83,0.331,0.376,0.259,0,,,162,,
612,TOR,AL,1990,767,661,86,0.328,0.419,0.265,0,,,162,,
613,ATL,NL,1989,584,680,63,0.298,0.35,0.234,0,,,161,,
614,BAL,AL,1989,708,686,87,0.326,0.379,0.252,0,,,162,,
615,BOS,AL,1989,774,735,83,0.351,0.403,0.277,0,,,162,,
616,CAL,AL,1989,669,578,91,0.311,0.386,0.256,0,,,162,,
617,CHC,NL,1989,702,623,93,0.319,0.387,0.261,1,2,3,162,,
618,CHW,AL,1989,693,750,69,0.328,0.383,0.271,0,,,161,,
619,CIN,NL,1989,632,691,75,0.309,0.37,0.247,0,,,162,,
620,CLE,AL,1989,604,654,73,0.31,0.365,0.245,0,,,162,,
621,DET,AL,1989,617,816,59,0.318,0.351,0.242,0,,,162,,
622,HOU,NL,1989,647,669,86,0.306,0.345,0.239,0,,,162,,
623,KCR,AL,1989,690,635,92,0.329,0.373,0.261,0,,,162,,
624,LAD,NL,1989,554,536,77,0.306,0.339,0.24,0,,,160,,
625,MIL,AL,1989,707,679,81,0.318,0.382,0.259,0,,,162,,
626,MIN,AL,1989,740,738,80,0.334,0.402,0.276,0,,,162,,
627,MON,NL,1989,632,630,81,0.319,0.361,0.247,0,,,162,,
628,NYM,NL,1989,683,595,87,0.311,0.385,0.246,0,,,162,,
629,NYY,AL,1989,698,792,74,0.331,0.391,0.269,0,,,161,,
630,OAK,AL,1989,712,576,99,0.331,0.381,0.261,1,1,1,162,,
631,PHI,NL,1989,629,735,67,0.314,0.364,0.243,0,,,163,,
632,PIT,NL,1989,637,680,74,0.311,0.359,0.241,0,,,164,,
633,SDP,NL,1989,642,626,89,0.319,0.369,0.251,0,,,162,,
634,SEA,AL,1989,694,728,73,0.32,0.384,0.257,0,,,162,,
635,SFG,NL,1989,699,600,92,0.316,0.39,0.25,1,3,2,162,,
636,STL,NL,1989,632,608,86,0.321,0.363,0.258,0,,,164,,
637,TEX,AL,1989,695,714,83,0.326,0.394,0.263,0,,,162,,
638,TOR,AL,1989,731,651,89,0.323,0.398,0.26,1,4,3,162,,
639,ATL,NL,1988,555,741,54,0.298,0.348,0.242,0,,,160,,
640,BAL,AL,1988,550,789,54,0.305,0.359,0.238,0,,,161,,
641,BOS,AL,1988,813,689,89,0.357,0.42,0.283,1,4,3,162,,
642,CAL,AL,1988,714,771,75,0.321,0.385,0.261,0,,,162,,
643,CHC,NL,1988,660,694,77,0.31,0.383,0.261,0,,,163,,
644,CHW,AL,1988,631,757,71,0.303,0.37,0.244,0,,,161,,
645,CIN,NL,1988,641,596,87,0.309,0.368,0.246,0,,,161,,
646,CLE,AL,1988,666,731,78,0.314,0.387,0.261,0,,,162,,
647,DET,AL,1988,703,658,88,0.324,0.378,0.25,0,,,162,,
648,HOU,NL,1988,617,631,82,0.306,0.351,0.244,0,,,162,,
649,KCR,AL,1988,704,648,84,0.321,0.391,0.259,0,,,161,,
650,LAD,NL,1988,628,544,94,0.305,0.352,0.248,1,3,1,162,,
651,MIL,AL,1988,682,616,87,0.314,0.375,0.257,0,,,162,,
652,MIN,AL,1988,759,672,91,0.34,0.421,0.274,0,,,162,,
653,MON,NL,1988,628,592,81,0.309,0.373,0.251,0,,,163,,
654,NYM,NL,1988,703,532,100,0.325,0.396,0.256,1,2,3,160,,
655,NYY,AL,1988,772,748,85,0.333,0.395,0.263,0,,,161,,
656,OAK,AL,1988,800,620,104,0.336,0.399,0.263,1,1,2,162,,
657,PHI,NL,1988,597,734,65,0.306,0.355,0.239,0,,,162,,
658,PIT,NL,1988,651,616,85,0.317,0.369,0.247,0,,,160,,
659,SDP,NL,1988,594,583,83,0.31,0.351,0.247,0,,,161,,
660,SEA,AL,1988,664,744,68,0.317,0.398,0.257,0,,,161,,
661,SFG,NL,1988,670,626,83,0.318,0.368,0.248,0,,,162,,
662,STL,NL,1988,578,633,76,0.309,0.337,0.249,0,,,162,,
663,TEX,AL,1988,637,735,70,0.32,0.368,0.252,0,,,161,,
664,TOR,AL,1988,763,680,87,0.332,0.419,0.268,0,,,162,,
665,ATL,NL,1987,747,829,69,0.339,0.403,0.258,0,,,161,,
666,BAL,AL,1987,729,880,67,0.322,0.418,0.258,0,,,162,,
667,BOS,AL,1987,842,825,78,0.352,0.43,0.278,0,,,162,,
668,CAL,AL,1987,770,803,75,0.326,0.401,0.252,0,,,162,,
669,CHC,NL,1987,720,801,76,0.326,0.432,0.264,0,,,161,,
670,CHW,AL,1987,748,746,77,0.319,0.415,0.258,0,,,162,,
671,CIN,NL,1987,783,752,84,0.33,0.427,0.266,0,,,162,,
672,CLE,AL,1987,742,957,61,0.324,0.422,0.263,0,,,162,,
673,DET,AL,1987,896,735,98,0.349,0.451,0.272,1,1,3,162,,
674,HOU,NL,1987,648,678,76,0.318,0.373,0.253,0,,,162,,
675,KCR,AL,1987,715,691,83,0.328,0.412,0.262,0,,,162,,
676,LAD,NL,1987,635,675,73,0.309,0.371,0.252,0,,,162,,
677,MIL,AL,1987,862,817,91,0.346,0.428,0.276,0,,,162,,
678,MIN,AL,1987,786,806,85,0.328,0.43,0.261,1,4,1,162,,
679,MON,NL,1987,741,720,91,0.328,0.401,0.265,0,,,162,,
680,NYM,NL,1987,823,698,92,0.339,0.434,0.268,0,,,162,,
681,NYY,AL,1987,788,758,89,0.336,0.418,0.262,0,,,162,,
682,OAK,AL,1987,806,789,81,0.333,0.428,0.26,0,,,162,,
683,PHI,NL,1987,702,749,80,0.327,0.41,0.254,0,,,162,,
684,PIT,NL,1987,723,744,80,0.33,0.403,0.264,0,,,162,,
685,SDP,NL,1987,668,763,65,0.332,0.378,0.26,0,,,162,,
686,SEA,AL,1987,760,801,78,0.335,0.428,0.272,0,,,162,,
687,SFG,NL,1987,783,669,90,0.324,0.43,0.26,1,3,3,162,,
688,STL,NL,1987,798,693,95,0.34,0.378,0.263,1,2,2,162,,
689,TEX,AL,1987,823,849,75,0.333,0.43,0.266,0,,,162,,
690,TOR,AL,1987,845,655,96,0.336,0.446,0.269,0,,,162,,
691,ATL,NL,1986,615,719,72,0.319,0.381,0.25,0,,,161,,
692,BAL,AL,1986,708,760,73,0.327,0.395,0.258,0,,,162,,
693,BOS,AL,1986,794,696,95,0.346,0.415,0.271,1,3,2,161,,
694,CAL,AL,1986,786,684,92,0.338,0.404,0.255,1,4,3,162,,
695,CHC,NL,1986,680,781,70,0.318,0.398,0.256,0,,,160,,
696,CHW,AL,1986,644,699,72,0.31,0.363,0.247,0,,,162,,
697,CIN,NL,1986,732,717,86,0.325,0.387,0.254,0,,,162,,
698,CLE,AL,1986,831,841,84,0.337,0.43,0.284,0,,,163,,
699,DET,AL,1986,798,714,87,0.338,0.424,0.263,0,,,162,,
700,HOU,NL,1986,654,569,96,0.322,0.381,0.255,1,2,3,162,,
701,KCR,AL,1986,654,673,76,0.313,0.39,0.252,0,,,162,,
702,LAD,NL,1986,638,679,73,0.313,0.37,0.251,0,,,162,,
703,MIL,AL,1986,667,734,77,0.321,0.385,0.255,0,,,161,,
704,MIN,AL,1986,741,839,71,0.325,0.428,0.261,0,,,162,,
705,MON,NL,1986,637,688,78,0.322,0.379,0.254,0,,,161,,
706,NYM,NL,1986,783,578,108,0.339,0.401,0.263,1,1,1,162,,
707,NYY,AL,1986,797,738,90,0.347,0.43,0.271,0,,,162,,
708,OAK,AL,1986,731,760,76,0.322,0.39,0.252,0,,,162,,
709,PHI,NL,1986,739,713,86,0.327,0.4,0.253,0,,,161,,
710,PIT,NL,1986,663,700,64,0.321,0.374,0.25,0,,,162,,
711,SDP,NL,1986,656,723,74,0.321,0.388,0.261,0,,,162,,
712,SEA,AL,1986,718,835,67,0.326,0.399,0.253,0,,,162,,
713,SFG,NL,1986,698,618,83,0.322,0.375,0.253,0,,,162,,
714,STL,NL,1986,601,611,79,0.309,0.327,0.236,0,,,161,,
715,TEX,AL,1986,771,743,87,0.331,0.428,0.267,0,,,162,,
716,TOR,AL,1986,809,733,86,0.329,0.427,0.269,0,,,163,,
717,ATL,NL,1985,632,781,66,0.315,0.363,0.246,0,,,162,,
718,BAL,AL,1985,818,764,83,0.336,0.43,0.263,0,,,161,,
719,BOS,AL,1985,800,720,81,0.347,0.429,0.282,0,,,163,,
720,CAL,AL,1985,732,703,90,0.333,0.386,0.251,0,,,162,,
721,CHC,NL,1985,686,729,77,0.324,0.39,0.254,0,,,162,,
722,CHW,AL,1985,736,720,85,0.315,0.392,0.253,0,,,163,,
723,CIN,NL,1985,677,666,89,0.327,0.376,0.255,0,,,162,,
724,CLE,AL,1985,729,861,60,0.324,0.385,0.265,0,,,162,,
725,DET,AL,1985,729,688,84,0.318,0.424,0.253,0,,,161,,
726,HOU,NL,1985,706,691,83,0.319,0.388,0.261,0,,,162,,
727,KCR,AL,1985,687,639,91,0.313,0.401,0.252,1,4,1,162,,
728,LAD,NL,1985,682,579,95,0.328,0.382,0.261,1,3,3,162,,
729,MIL,AL,1985,690,802,71,0.319,0.379,0.263,0,,,161,,
730,MIN,AL,1985,705,782,77,0.326,0.407,0.264,0,,,162,,
731,MON,NL,1985,633,636,84,0.31,0.375,0.247,0,,,161,,
732,NYM,NL,1985,695,568,98,0.323,0.385,0.257,0,,,162,,
733,NYY,AL,1985,839,660,97,0.344,0.425,0.267,0,,,161,,
734,OAK,AL,1985,757,787,77,0.325,0.401,0.264,0,,,162,,
735,PHI,NL,1985,667,673,75,0.312,0.383,0.245,0,,,162,,
736,PIT,NL,1985,568,708,57,0.311,0.347,0.247,0,,,161,,
737,SDP,NL,1985,650,622,83,0.32,0.368,0.255,0,,,162,,
738,SEA,AL,1985,719,818,74,0.326,0.412,0.255,0,,,162,,
739,SFG,NL,1985,556,674,62,0.299,0.348,0.233,0,,,162,,
740,STL,NL,1985,747,572,101,0.335,0.379,0.264,1,1,2,162,,
741,TEX,AL,1985,617,785,62,0.322,0.381,0.253,0,,,161,,
742,TOR,AL,1985,759,588,99,0.331,0.425,0.269,1,2,3,161,,
743,ATL,NL,1984,632,655,80,0.317,0.361,0.247,0,,,162,,
744,BAL,AL,1984,681,667,85,0.328,0.391,0.252,0,,,162,,
745,BOS,AL,1984,810,764,86,0.341,0.441,0.283,0,,,162,,
746,CAL,AL,1984,696,697,81,0.319,0.381,0.249,0,,,162,,
747,CHC,NL,1984,762,658,96,0.331,0.397,0.26,1,2,3,161,,
748,CHW,AL,1984,679,736,74,0.314,0.395,0.247,0,,,162,,
749,CIN,NL,1984,627,747,70,0.313,0.356,0.244,0,,,162,,
750,CLE,AL,1984,761,766,75,0.335,0.384,0.265,0,,,163,,
751,DET,AL,1984,829,643,104,0.342,0.432,0.271,1,1,1,162,,
752,HOU,NL,1984,693,630,80,0.323,0.371,0.264,0,,,162,,
753,KCR,AL,1984,673,686,84,0.317,0.399,0.268,1,4,3,162,,
754,LAD,NL,1984,580,600,79,0.306,0.348,0.244,0,,,162,,
755,MIL,AL,1984,641,734,67,0.317,0.37,0.262,0,,,161,,
756,MIN,AL,1984,673,675,81,0.318,0.385,0.265,0,,,162,,
757,MON,NL,1984,593,585,78,0.312,0.362,0.251,0,,,161,,
758,NYM,NL,1984,652,676,90,0.32,0.369,0.257,0,,,162,,
759,NYY,AL,1984,758,679,87,0.339,0.404,0.276,0,,,162,,
760,OAK,AL,1984,738,796,77,0.327,0.404,0.259,0,,,162,,
761,PHI,NL,1984,720,690,81,0.333,0.407,0.266,0,,,162,,
762,PIT,NL,1984,615,567,75,0.31,0.363,0.255,0,,,162,,
763,SDP,NL,1984,686,634,92,0.317,0.371,0.259,1,3,2,162,,
764,SEA,AL,1984,682,774,74,0.324,0.384,0.258,0,,,162,,
765,SFG,NL,1984,682,807,66,0.328,0.375,0.265,0,,,162,,
766,STL,NL,1984,652,645,84,0.317,0.351,0.252,0,,,162,,
767,TEX,AL,1984,656,714,69,0.313,0.377,0.261,0,,,161,,
768,TOR,AL,1984,750,696,89,0.331,0.421,0.273,0,,,163,,
769,ATL,NL,1983,746,640,88,0.341,0.4,0.272,0,,,162,,
770,BAL,AL,1983,799,652,98,0.34,0.421,0.269,1,2,1,162,,
771,BOS,AL,1983,724,775,78,0.335,0.409,0.27,0,,,162,,
772,CAL,AL,1983,722,779,70,0.322,0.393,0.26,0,,,162,,
773,CHC,NL,1983,701,719,71,0.319,0.401,0.261,0,,,162,,
774,CHW,AL,1983,800,650,99,0.329,0.413,0.262,1,1,3,162,,
775,CIN,NL,1983,623,710,74,0.314,0.356,0.239,0,,,162,,
776,CLE,AL,1983,704,785,70,0.338,0.369,0.265,0,,,162,,
777,DET,AL,1983,789,679,92,0.335,0.427,0.274,0,,,162,,
778,HOU,NL,1983,643,646,85,0.32,0.375,0.257,0,,,162,,
779,KCR,AL,1983,696,767,79,0.32,0.397,0.271,0,,,163,,
780,LAD,NL,1983,654,609,91,0.318,0.379,0.25,1,3,3,163,,
781,MIL,AL,1983,764,708,87,0.333,0.418,0.277,0,,,162,,
782,MIN,AL,1983,709,822,70,0.319,0.401,0.261,0,,,162,,
783,MON,NL,1983,677,646,82,0.326,0.386,0.264,0,,,163,,
784,NYM,NL,1983,575,680,68,0.3,0.344,0.241,0,,,162,,
785,NYY,AL,1983,770,703,91,0.337,0.416,0.273,0,,,162,,
786,OAK,AL,1983,708,782,74,0.326,0.381,0.262,0,,,162,,
787,PHI,NL,1983,696,635,90,0.329,0.373,0.249,1,4,2,163,,
788,PIT,NL,1983,659,648,84,0.325,0.383,0.264,0,,,162,,
789,SDP,NL,1983,653,653,81,0.311,0.351,0.25,0,,,163,,
790,SEA,AL,1983,558,740,60,0.301,0.36,0.24,0,,,162,,
791,SFG,NL,1983,687,697,79,0.325,0.375,0.247,0,,,162,,
792,STL,NL,1983,679,710,79,0.335,0.384,0.27,0,,,162,,
793,TEX,AL,1983,639,609,77,0.31,0.366,0.255,0,,,163,,
794,TOR,AL,1983,795,726,89,0.338,0.436,0.277,0,,,162,,
795,ATL,NL,1982,739,702,89,0.325,0.383,0.256,1,4,3,162,,
796,BAL,AL,1982,774,687,94,0.341,0.419,0.266,0,,,163,,
797,BOS,AL,1982,753,713,89,0.34,0.407,0.274,0,,,162,,
798,CAL,AL,1982,814,670,93,0.347,0.433,0.274,1,2,3,162,,
799,CHC,NL,1982,676,709,73,0.317,0.375,0.26,0,,,162,,
800,CHW,AL,1982,786,710,87,0.337,0.413,0.273,0,,,162,,
801,CIN,NL,1982,545,661,61,0.31,0.35,0.251,0,,,162,,
802,CLE,AL,1982,683,748,78,0.341,0.373,0.262,0,,,162,,
803,DET,AL,1982,729,685,83,0.324,0.418,0.266,0,,,162,,
804,HOU,NL,1982,569,620,77,0.302,0.349,0.247,0,,,162,,
805,KCR,AL,1982,784,717,90,0.337,0.428,0.285,0,,,162,,
806,LAD,NL,1982,691,612,88,0.327,0.388,0.264,0,,,162,,
807,MIL,AL,1982,891,717,95,0.335,0.455,0.279,1,1,2,163,,
808,MIN,AL,1982,657,819,60,0.316,0.396,0.257,0,,,162,,
809,MON,NL,1982,697,616,86,0.325,0.396,0.262,0,,,162,,
810,NYM,NL,1982,609,723,65,0.305,0.35,0.247,0,,,162,,
811,NYY,AL,1982,709,716,79,0.328,0.398,0.256,0,,,162,,
812,OAK,AL,1982,691,819,68,0.309,0.367,0.236,0,,,162,,
813,PHI,NL,1982,664,654,89,0.323,0.376,0.26,0,,,162,,
814,PIT,NL,1982,724,696,84,0.327,0.408,0.273,0,,,162,,
815,SDP,NL,1982,675,658,81,0.311,0.359,0.257,0,,,162,,
816,SEA,AL,1982,651,712,76,0.311,0.381,0.254,0,,,162,,
817,SFG,NL,1982,673,687,87,0.327,0.376,0.253,0,,,162,,
818,STL,NL,1982,685,609,92,0.334,0.364,0.264,1,3,1,162,,
819,TEX,AL,1982,590,749,64,0.308,0.359,0.249,0,,,162,,
820,TOR,AL,1982,651,701,78,0.314,0.383,0.262,0,,,162,,
821,ATL,NL,1980,630,660,81,0.307,0.38,0.25,0,,,161,,
822,BAL,AL,1980,805,640,100,0.342,0.413,0.273,0,,,162,,
823,BOS,AL,1980,757,767,83,0.34,0.436,0.283,0,,,160,,
824,CAL,AL,1980,698,797,65,0.332,0.378,0.265,0,,,160,,
825,CHC,NL,1980,614,728,64,0.309,0.365,0.251,0,,,162,,
826,CHW,AL,1980,587,722,70,0.311,0.37,0.259,0,,,162,,
827,CIN,NL,1980,707,670,89,0.327,0.386,0.262,0,,,163,,
828,CLE,AL,1980,738,807,79,0.35,0.381,0.277,0,,,160,,
829,DET,AL,1980,830,757,84,0.348,0.409,0.273,0,,,163,,
830,HOU,NL,1980,637,589,93,0.326,0.367,0.261,1,3,3,163,,
831,KCR,AL,1980,809,694,97,0.345,0.413,0.286,1,2,2,162,,
832,LAD,NL,1980,663,591,92,0.323,0.388,0.263,0,,,163,,
833,MIL,AL,1980,811,682,86,0.329,0.448,0.275,0,,,162,,
834,MIN,AL,1980,670,724,77,0.319,0.381,0.265,0,,,161,,
835,MON,NL,1980,694,629,90,0.324,0.388,0.257,0,,,162,,
836,NYM,NL,1980,611,702,67,0.319,0.345,0.257,0,,,162,,
837,NYY,AL,1980,820,662,103,0.343,0.425,0.267,1,1,3,162,,
838,OAK,AL,1980,686,642,83,0.322,0.385,0.259,0,,,162,,
839,PHI,NL,1980,728,639,91,0.327,0.4,0.27,1,4,1,162,,
840,PIT,NL,1980,666,646,83,0.322,0.388,0.266,0,,,162,,
841,SDP,NL,1980,591,654,73,0.324,0.342,0.255,0,,,163,,
842,SEA,AL,1980,610,793,59,0.308,0.356,0.248,0,,,163,,
843,SFG,NL,1980,573,634,75,0.308,0.342,0.244,0,,,161,,
844,STL,NL,1980,738,710,74,0.328,0.4,0.275,0,,,162,,
845,TEX,AL,1980,756,752,76,0.339,0.405,0.284,0,,,163,,
846,TOR,AL,1980,624,762,67,0.309,0.383,0.251,0,,,162,,
847,ATL,NL,1979,669,763,66,0.318,0.377,0.256,0,,,160,,
848,BAL,AL,1979,757,582,102,0.336,0.419,0.261,1,1,2,159,,
849,BOS,AL,1979,841,711,91,0.344,0.456,0.283,0,,,160,,
850,CAL,AL,1979,866,768,88,0.351,0.429,0.282,1,4,3,162,,
851,CHC,NL,1979,706,707,80,0.329,0.403,0.269,0,,,162,,
852,CHW,AL,1979,730,748,73,0.333,0.41,0.275,0,,,160,,
853,CIN,NL,1979,731,644,90,0.338,0.396,0.264,1,3,3,161,,
854,CLE,AL,1979,760,805,81,0.34,0.384,0.258,0,,,161,,
855,DET,AL,1979,770,738,84,0.339,0.415,0.269,0,,,161,,
856,HOU,NL,1979,583,582,89,0.315,0.344,0.256,0,,,162,,
857,KCR,AL,1979,851,816,85,0.343,0.422,0.282,0,,,162,,
858,LAD,NL,1979,739,717,79,0.331,0.412,0.263,0,,,162,,
859,MIL,AL,1979,807,722,95,0.345,0.448,0.28,0,,,161,,
860,MIN,AL,1979,764,725,82,0.341,0.402,0.278,0,,,162,,
861,MON,NL,1979,701,581,95,0.319,0.408,0.264,0,,,160,,
862,NYM,NL,1979,593,706,63,0.313,0.35,0.25,0,,,163,,
863,NYY,AL,1979,734,672,89,0.328,0.406,0.266,0,,,160,,
864,OAK,AL,1979,573,860,54,0.302,0.346,0.239,0,,,162,,
865,PHI,NL,1979,683,718,84,0.34,0.396,0.266,0,,,163,,
866,PIT,NL,1979,775,643,98,0.33,0.416,0.272,1,2,1,163,,
867,SDP,NL,1979,603,681,68,0.311,0.348,0.242,0,,,161,,
868,SEA,AL,1979,711,820,67,0.331,0.404,0.269,0,,,162,,
869,SFG,NL,1979,672,751,71,0.319,0.365,0.246,0,,,162,,
870,STL,NL,1979,731,693,86,0.331,0.401,0.278,0,,,163,,
871,TEX,AL,1979,750,698,83,0.334,0.409,0.278,0,,,162,,
872,TOR,AL,1979,613,862,53,0.311,0.363,0.251,0,,,162,,
873,ATL,NL,1978,600,750,69,0.315,0.363,0.244,0,,,162,,
874,BAL,AL,1978,659,633,90,0.326,0.396,0.258,0,,,161,,
875,BOS,AL,1978,796,657,99,0.336,0.424,0.267,0,,,163,,
876,CAL,AL,1978,691,666,87,0.33,0.37,0.259,0,,,162,,
877,CHC,NL,1978,664,724,79,0.331,0.361,0.264,0,,,162,,
878,CHW,AL,1978,634,731,71,0.317,0.379,0.264,0,,,161,,
879,CIN,NL,1978,710,688,92,0.334,0.393,0.256,0,,,161,,
880,CLE,AL,1978,639,694,69,0.323,0.379,0.261,0,,,159,,
881,DET,AL,1978,714,653,86,0.339,0.392,0.271,0,,,162,,
882,HOU,NL,1978,605,634,74,0.313,0.355,0.258,0,,,162,,
883,KCR,AL,1978,743,634,92,0.329,0.399,0.268,1,3,3,162,,
884,LAD,NL,1978,727,573,95,0.338,0.402,0.264,1,2,2,162,,
885,MIL,AL,1978,804,650,93,0.339,0.432,0.276,0,,,162,,
886,MIN,AL,1978,666,678,73,0.339,0.375,0.267,0,,,162,,
887,MON,NL,1978,633,611,76,0.306,0.379,0.254,0,,,162,,
888,NYM,NL,1978,607,690,66,0.314,0.352,0.245,0,,,162,,
889,NYY,AL,1978,735,582,100,0.329,0.388,0.267,1,1,1,163,,
890,OAK,AL,1978,532,690,69,0.303,0.351,0.245,0,,,162,,
891,PHI,NL,1978,708,586,90,0.328,0.388,0.258,1,4,3,162,,
892,PIT,NL,1978,684,637,88,0.32,0.385,0.257,0,,,161,,
893,SDP,NL,1978,591,598,84,0.321,0.348,0.252,0,,,162,,
894,SEA,AL,1978,614,834,56,0.314,0.359,0.248,0,,,160,,
895,SFG,NL,1978,613,594,89,0.318,0.374,0.248,0,,,162,,
896,STL,NL,1978,600,657,69,0.303,0.358,0.249,0,,,162,,
897,TEX,AL,1978,692,632,87,0.332,0.381,0.253,0,,,162,,
898,TOR,AL,1978,590,775,59,0.308,0.359,0.25,0,,,161,,
899,ATL,NL,1977,678,895,61,0.32,0.376,0.254,0,,,162,,
900,BAL,AL,1977,719,653,97,0.329,0.393,0.261,0,,,161,,
901,BOS,AL,1977,859,712,97,0.345,0.465,0.281,0,,,161,,
902,CAL,AL,1977,675,695,74,0.324,0.386,0.255,0,,,162,,
903,CHC,NL,1977,692,739,81,0.33,0.387,0.266,0,,,162,,
904,CHW,AL,1977,844,771,90,0.344,0.444,0.278,0,,,162,,
905,CIN,NL,1977,802,725,88,0.345,0.436,0.274,0,,,162,,
906,CLE,AL,1977,676,739,71,0.334,0.38,0.269,0,,,161,,
907,DET,AL,1977,714,751,74,0.318,0.41,0.264,0,,,162,,
908,HOU,NL,1977,680,650,81,0.32,0.385,0.254,0,,,162,,
909,KCR,AL,1977,822,651,102,0.34,0.436,0.277,1,1,3,162,,
910,LAD,NL,1977,769,582,98,0.336,0.418,0.266,1,4,2,162,,
911,MIL,AL,1977,639,765,67,0.314,0.389,0.258,0,,,162,,
912,MIN,AL,1977,867,776,84,0.348,0.417,0.282,0,,,161,,
913,MON,NL,1977,665,736,75,0.318,0.402,0.26,0,,,162,,
914,NYM,NL,1977,587,663,64,0.313,0.346,0.244,0,,,162,,
915,NYY,AL,1977,831,651,100,0.344,0.444,0.281,1,3,1,162,,
916,OAK,AL,1977,605,749,63,0.308,0.352,0.24,0,,,161,,
917,PHI,NL,1977,847,668,101,0.346,0.448,0.279,1,2,3,162,,
918,PIT,NL,1977,734,665,96,0.331,0.413,0.274,0,,,162,,
919,SDP,NL,1977,692,834,69,0.324,0.375,0.249,0,,,162,,
920,SEA,AL,1977,624,855,64,0.312,0.381,0.256,0,,,162,,
921,SFG,NL,1977,673,711,75,0.323,0.383,0.253,0,,,162,,
922,STL,NL,1977,737,688,83,0.33,0.388,0.27,0,,,162,,
923,TEX,AL,1977,767,657,94,0.342,0.405,0.27,0,,,162,,
924,TOR,AL,1977,605,822,54,0.316,0.365,0.252,0,,,161,,
925,ATL,NL,1976,620,700,70,0.32,0.334,0.245,0,,,162,,
926,BAL,AL,1976,619,598,88,0.31,0.358,0.243,0,,,162,,
927,BOS,AL,1976,716,660,83,0.324,0.402,0.263,0,,,162,,
928,CAL,AL,1976,550,631,76,0.306,0.318,0.235,0,,,162,,
929,CHC,NL,1976,611,728,75,0.313,0.356,0.251,0,,,162,,
930,CHW,AL,1976,586,745,64,0.314,0.349,0.255,0,,,161,,
931,CIN,NL,1976,857,633,102,0.357,0.424,0.28,1,1,1,162,,
932,CLE,AL,1976,615,615,81,0.321,0.359,0.263,0,,,159,,
933,DET,AL,1976,609,709,74,0.315,0.365,0.257,0,,,161,,
934,HOU,NL,1976,625,657,80,0.322,0.347,0.256,0,,,162,,
935,KCR,AL,1976,713,611,90,0.327,0.371,0.269,1,4,3,162,,
936,LAD,NL,1976,608,543,92,0.313,0.349,0.251,0,,,162,,
937,MIL,AL,1976,570,655,66,0.311,0.34,0.246,0,,,161,,
938,MIN,AL,1976,743,704,85,0.341,0.375,0.274,0,,,162,,
939,MON,NL,1976,531,734,55,0.291,0.34,0.235,0,,,162,,
940,NYM,NL,1976,615,538,86,0.319,0.352,0.246,0,,,162,,
941,NYY,AL,1976,730,575,97,0.328,0.389,0.269,1,3,2,159,,
942,OAK,AL,1976,686,598,87,0.323,0.361,0.246,0,,,161,,
943,PHI,NL,1976,770,557,101,0.338,0.395,0.272,1,2,3,162,,
944,PIT,NL,1976,708,630,92,0.321,0.391,0.267,0,,,162,,
945,SDP,NL,1976,570,662,73,0.31,0.337,0.247,0,,,162,,
946,SFG,NL,1976,595,686,74,0.312,0.345,0.246,0,,,162,,
947,STL,NL,1976,629,671,72,0.323,0.359,0.26,0,,,162,,
948,TEX,AL,1976,616,652,76,0.321,0.341,0.25,0,,,162,,
949,ATL,NL,1975,583,739,67,0.313,0.346,0.244,0,,,161,,
950,BAL,AL,1975,682,553,90,0.326,0.373,0.252,0,,,159,,
951,BOS,AL,1975,796,709,95,0.344,0.417,0.275,1,3,2,160,,
952,CAL,AL,1975,628,723,72,0.322,0.328,0.246,0,,,161,,
953,CHC,NL,1975,712,827,75,0.338,0.368,0.259,0,,,162,,
954,CHW,AL,1975,655,703,75,0.331,0.358,0.255,0,,,161,,
955,CIN,NL,1975,840,586,108,0.353,0.401,0.271,1,1,1,162,,
956,CLE,AL,1975,688,703,79,0.327,0.392,0.261,0,,,159,,
957,DET,AL,1975,570,786,57,0.301,0.366,0.249,0,,,159,,
958,HOU,NL,1975,664,711,64,0.32,0.359,0.254,0,,,162,,
959,KCR,AL,1975,710,649,91,0.333,0.394,0.261,0,,,162,,
960,LAD,NL,1975,648,534,88,0.325,0.365,0.248,0,,,162,,
961,MIL,AL,1975,675,792,68,0.32,0.389,0.25,0,,,162,,
962,MIN,AL,1975,724,736,76,0.341,0.386,0.271,0,,,159,,
963,MON,NL,1975,601,690,75,0.317,0.348,0.244,0,,,162,,
964,NYM,NL,1975,646,625,82,0.319,0.361,0.256,0,,,162,,
965,NYY,AL,1975,681,588,83,0.325,0.382,0.264,0,,,160,,
966,OAK,AL,1975,758,606,98,0.333,0.391,0.254,1,2,3,162,,
967,PHI,NL,1975,735,694,86,0.342,0.402,0.269,0,,,162,,
968,PIT,NL,1975,712,565,92,0.323,0.402,0.263,1,4,3,161,,
969,SDP,NL,1975,552,683,71,0.31,0.335,0.244,0,,,162,,
970,SFG,NL,1975,659,671,80,0.333,0.365,0.259,0,,,161,,
971,STL,NL,1975,662,689,82,0.327,0.375,0.273,0,,,163,,
972,TEX,AL,1975,714,733,79,0.33,0.371,0.256,0,,,162,,
973,ATL,NL,1974,661,563,88,0.319,0.363,0.249,0,,,163,,
974,BAL,AL,1974,659,612,91,0.322,0.37,0.256,1,2,3,162,,
975,BOS,AL,1974,696,661,84,0.333,0.377,0.264,0,,,162,,
976,CAL,AL,1974,618,657,68,0.321,0.356,0.254,0,,,163,,
977,CHC,NL,1974,669,826,66,0.327,0.365,0.251,0,,,162,,
978,CHW,AL,1974,684,721,80,0.33,0.389,0.268,0,,,163,,
979,CIN,NL,1974,776,631,98,0.343,0.394,0.26,0,,,163,,
980,CLE,AL,1974,662,694,77,0.311,0.37,0.255,0,,,162,,
981,DET,AL,1974,620,768,72,0.303,0.366,0.247,0,,,162,,
982,HOU,NL,1974,653,632,81,0.322,0.378,0.263,0,,,162,,
983,KCR,AL,1974,667,662,77,0.327,0.364,0.259,0,,,162,,
984,LAD,NL,1974,798,561,102,0.342,0.401,0.272,1,1,2,162,,
985,MIL,AL,1974,647,660,76,0.309,0.369,0.244,0,,,162,,
986,MIN,AL,1974,673,669,82,0.336,0.378,0.272,0,,,163,,
987,MON,NL,1974,662,657,79,0.335,0.35,0.254,0,,,161,,
988,NYM,NL,1974,572,646,71,0.311,0.329,0.235,0,,,162,,
989,NYY,AL,1974,671,623,89,0.324,0.368,0.263,0,,,162,,
990,OAK,AL,1974,689,551,90,0.321,0.373,0.247,1,3,1,162,,
991,PHI,NL,1974,676,701,80,0.32,0.373,0.261,0,,,162,,
992,PIT,NL,1974,751,657,88,0.335,0.391,0.274,1,4,3,162,,
993,SDP,NL,1974,541,830,60,0.302,0.33,0.229,0,,,162,,
994,SFG,NL,1974,634,723,72,0.322,0.358,0.252,0,,,162,,
995,STL,NL,1974,677,643,86,0.331,0.365,0.265,0,,,161,,
996,TEX,AL,1974,690,698,83,0.336,0.377,0.272,0,,,161,,
997,ATL,NL,1973,799,774,76,0.339,0.427,0.266,0,,,162,,
998,BAL,AL,1973,754,561,97,0.345,0.389,0.266,1,2,3,162,,
999,BOS,AL,1973,738,647,89,0.338,0.401,0.267,0,,,162,,
1000,CAL,AL,1973,629,657,79,0.318,0.348,0.253,0,,,162,,
1001,CHC,NL,1973,614,655,77,0.32,0.357,0.247,0,,,161,,
1002,CHW,AL,1973,652,705,77,0.324,0.372,0.256,0,,,162,,
1003,CIN,NL,1973,741,621,99,0.332,0.383,0.254,1,1,3,162,,
1004,CLE,AL,1973,680,826,71,0.315,0.387,0.256,0,,,162,,
1005,DET,AL,1973,642,674,85,0.32,0.39,0.254,0,,,162,,
1006,HOU,NL,1973,681,672,82,0.312,0.376,0.251,0,,,162,,
1007,KCR,AL,1973,755,752,88,0.339,0.381,0.261,0,,,162,,
1008,LAD,NL,1973,675,565,95,0.323,0.371,0.263,0,,,162,,
1009,MIL,AL,1973,708,731,74,0.325,0.388,0.253,0,,,162,,
1010,MIN,AL,1973,738,692,81,0.342,0.393,0.27,0,,,162,,
1011,MON,NL,1973,668,702,79,0.34,0.364,0.251,0,,,162,,
1012,NYM,NL,1973,608,588,82,0.315,0.338,0.246,1,4,2,161,,
1013,NYY,AL,1973,641,610,80,0.322,0.378,0.261,0,,,162,,
1014,OAK,AL,1973,758,615,94,0.333,0.389,0.26,1,3,1,162,,
1015,PHI,NL,1973,642,717,71,0.31,0.371,0.249,0,,,162,,
1016,PIT,NL,1973,704,693,80,0.315,0.405,0.261,0,,,162,,
1017,SDP,NL,1973,548,770,60,0.296,0.351,0.244,0,,,162,,
1018,SFG,NL,1973,739,702,88,0.335,0.407,0.262,0,,,162,,
1019,STL,NL,1973,643,603,81,0.325,0.357,0.259,0,,,162,,
1020,TEX,AL,1973,619,844,57,0.318,0.361,0.255,0,,,162,,
1021,ATL,NL,1971,643,699,82,0.312,0.385,0.257,0,,,162,,
1022,BAL,AL,1971,742,530,101,0.347,0.398,0.261,1,1,2,158,,
1023,BOS,AL,1971,691,667,85,0.322,0.397,0.252,0,,,162,,
1024,CAL,AL,1971,511,576,76,0.29,0.329,0.231,0,,,162,,
1025,CHC,NL,1971,637,648,83,0.325,0.378,0.258,0,,,162,,
1026,CHW,AL,1971,617,597,79,0.325,0.373,0.25,0,,,162,,
1027,CIN,NL,1971,586,581,79,0.3,0.366,0.241,0,,,162,,
1028,CLE,AL,1971,543,747,60,0.3,0.342,0.238,0,,,162,,
1029,DET,AL,1971,701,645,91,0.325,0.405,0.254,0,,,162,,
1030,HOU,NL,1971,585,567,79,0.302,0.34,0.24,0,,,162,,
1031,KCR,AL,1971,603,566,85,0.313,0.353,0.25,0,,,161,,
1032,LAD,NL,1971,663,587,89,0.325,0.37,0.266,0,,,162,,
1033,MIL,AL,1971,534,609,69,0.304,0.329,0.229,0,,,161,,
1034,MIN,AL,1971,654,670,74,0.323,0.372,0.26,0,,,160,,
1035,MON,NL,1971,622,729,71,0.322,0.343,0.246,0,,,162,,
1036,NYM,NL,1971,588,550,83,0.319,0.351,0.249,0,,,162,,
1037,NYY,AL,1971,648,641,81,0.328,0.36,0.254,0,,,162,,
1038,OAK,AL,1971,691,564,101,0.321,0.384,0.252,1,1,3,161,,
1039,PHI,NL,1971,558,688,67,0.298,0.35,0.233,0,,,162,,
1040,PIT,NL,1971,788,599,97,0.33,0.416,0.274,1,2,1,162,,
1041,SDP,NL,1971,486,610,61,0.293,0.332,0.233,0,,,161,,
1042,SFG,NL,1971,706,644,90,0.329,0.378,0.247,1,3,3,162,,
1043,STL,NL,1971,739,699,90,0.338,0.385,0.275,0,,,163,,
1044,WSA,AL,1971,537,660,63,0.307,0.326,0.23,0,,,159,,
1045,ATL,NL,1970,736,772,76,0.334,0.404,0.27,0,,,162,,
1046,BAL,AL,1970,792,574,108,0.344,0.401,0.257,1,1,1,162,,
1047,BOS,AL,1970,786,722,87,0.335,0.428,0.262,0,,,162,,
1048,CAL,AL,1970,631,630,86,0.309,0.363,0.251,0,,,162,,
1049,CHC,NL,1970,806,679,84,0.333,0.415,0.259,0,,,162,,
1050,CHW,AL,1970,633,822,56,0.315,0.362,0.253,0,,,162,,
1051,CIN,NL,1970,775,681,102,0.336,0.436,0.27,1,2,2,162,,
1052,CLE,AL,1970,649,675,76,0.314,0.394,0.249,0,,,162,,
1053,DET,AL,1970,666,731,79,0.322,0.374,0.238,0,,,162,,
1054,HOU,NL,1970,744,763,79,0.332,0.391,0.259,0,,,162,,
1055,KCR,AL,1970,611,705,65,0.309,0.348,0.244,0,,,162,,
1056,LAD,NL,1970,749,684,87,0.334,0.382,0.27,0,,,161,,
1057,MIL,AL,1970,613,751,65,0.319,0.358,0.242,0,,,163,,
1058,MIN,AL,1970,744,605,98,0.327,0.403,0.262,1,3,3,162,,
1059,MON,NL,1970,687,807,73,0.323,0.365,0.237,0,,,162,,
1060,NYM,NL,1970,695,630,83,0.333,0.37,0.249,0,,,162,,
1061,NYY,AL,1970,680,612,93,0.324,0.365,0.251,0,,,163,,
1062,OAK,AL,1970,678,593,89,0.325,0.392,0.249,0,,,162,,
1063,PHI,NL,1970,594,730,73,0.305,0.356,0.238,0,,,161,,
1064,PIT,NL,1970,729,664,89,0.325,0.406,0.27,1,4,3,162,,
1065,SDP,NL,1970,681,788,63,0.312,0.391,0.246,0,,,162,,
1066,SFG,NL,1970,831,826,86,0.351,0.409,0.262,0,,,162,,
1067,STL,NL,1970,744,747,76,0.331,0.379,0.263,0,,,162,,
1068,WSA,AL,1970,626,689,70,0.321,0.358,0.238,0,,,162,,
1069,ATL,NL,1969,691,631,93,0.321,0.38,0.258,1,4,3,162,,
1070,BAL,AL,1969,779,517,109,0.343,0.414,0.265,1,1,2,162,,
1071,BOS,AL,1969,743,736,87,0.333,0.415,0.251,0,,,162,,
1072,CAL,AL,1969,528,652,71,0.3,0.319,0.23,0,,,163,,
1073,CHC,NL,1969,720,611,92,0.323,0.384,0.253,0,,,163,,
1074,CHW,AL,1969,625,723,68,0.32,0.357,0.247,0,,,162,,
1075,CIN,NL,1969,798,768,89,0.335,0.422,0.277,0,,,163,,
1076,CLE,AL,1969,573,717,62,0.307,0.345,0.237,0,,,161,,
1077,DET,AL,1969,701,601,90,0.316,0.387,0.242,0,,,162,,
1078,HOU,NL,1969,676,668,81,0.33,0.352,0.24,0,,,162,,
1079,KCR,AL,1969,586,688,69,0.309,0.338,0.24,0,,,163,,
1080,LAD,NL,1969,645,561,85,0.315,0.359,0.254,0,,,162,,
1081,MIN,AL,1969,790,618,97,0.34,0.408,0.268,1,3,3,162,,
1082,MON,NL,1969,582,791,52,0.31,0.359,0.24,0,,,162,,
1083,NYM,NL,1969,632,541,100,0.311,0.351,0.242,1,2,1,162,,
1084,NYY,AL,1969,562,587,80,0.308,0.344,0.235,0,,,162,,
1085,OAK,AL,1969,740,678,88,0.329,0.376,0.249,0,,,162,,
1086,PHI,NL,1969,645,745,63,0.312,0.372,0.241,0,,,162,,
1087,PIT,NL,1969,725,652,88,0.334,0.398,0.277,0,,,162,,
1088,SDP,NL,1969,468,746,52,0.285,0.329,0.225,0,,,162,,
1089,SEP,AL,1969,639,799,64,0.316,0.346,0.234,0,,,163,,
1090,SFG,NL,1969,713,636,90,0.334,0.361,0.242,0,,,162,,
1091,STL,NL,1969,595,540,87,0.316,0.359,0.253,0,,,162,,
1092,WSA,AL,1969,694,644,86,0.33,0.378,0.251,0,,,162,,
1093,ATL,NL,1968,514,549,81,0.307,0.339,0.252,0,,,163,,
1094,BAL,AL,1968,579,497,91,0.304,0.352,0.225,0,,,162,,
1095,BOS,AL,1968,614,611,86,0.313,0.352,0.236,0,,,162,,
1096,CAL,AL,1968,498,615,67,0.291,0.318,0.227,0,,,162,,
1097,CHC,NL,1968,612,611,84,0.298,0.366,0.242,0,,,163,,
1098,CHW,AL,1968,463,527,67,0.284,0.311,0.228,0,,,162,,
1099,CIN,NL,1968,690,673,83,0.32,0.389,0.273,0,,,163,,
1100,CLE,AL,1968,516,504,86,0.293,0.327,0.234,0,,,162,,
1101,DET,AL,1968,671,492,103,0.307,0.385,0.235,1,1,1,164,,
1102,HOU,NL,1968,510,588,72,0.298,0.317,0.231,0,,,162,,
1103,LAD,NL,1968,470,509,76,0.289,0.319,0.23,0,,,162,,
1104,MIN,AL,1968,562,546,79,0.299,0.35,0.237,0,,,162,,
1105,NYM,NL,1968,473,499,73,0.281,0.315,0.228,0,,,163,,
1106,NYY,AL,1968,536,531,83,0.292,0.318,0.214,0,,,164,,
1107,OAK,AL,1968,569,544,82,0.304,0.343,0.24,0,,,163,,
1108,PHI,NL,1968,543,615,76,0.294,0.333,0.233,0,,,162,,
1109,PIT,NL,1968,583,532,80,0.306,0.343,0.252,0,,,163,,
1110,SFG,NL,1968,599,529,88,0.307,0.341,0.239,0,,,163,,
1111,STL,NL,1968,583,472,97,0.298,0.346,0.249,1,2,2,162,,
1112,WSA,AL,1968,524,665,65,0.287,0.336,0.224,0,,,161,,
1113,ATL,NL,1967,631,640,77,0.307,0.372,0.24,0,,,162,,
1114,BAL,AL,1967,654,592,76,0.31,0.372,0.24,0,,,161,,
1115,BOS,AL,1967,722,614,92,0.321,0.395,0.255,1,2,2,162,,
1116,CAL,AL,1967,567,587,84,0.301,0.349,0.238,0,,,161,,
1117,CHC,NL,1967,702,624,87,0.316,0.378,0.251,0,,,162,,
1118,CHW,AL,1967,531,491,89,0.291,0.32,0.225,0,,,162,,
1119,CIN,NL,1967,604,563,87,0.297,0.372,0.248,0,,,162,,
1120,CLE,AL,1967,559,613,75,0.293,0.359,0.235,0,,,162,,
1121,DET,AL,1967,683,587,91,0.325,0.376,0.243,0,,,163,,
1122,HOU,NL,1967,626,742,69,0.317,0.364,0.249,0,,,162,,
1123,KCA,AL,1967,533,660,62,0.296,0.33,0.233,0,,,161,,
1124,LAD,NL,1967,519,595,73,0.301,0.332,0.236,0,,,162,,
1125,MIN,AL,1967,671,590,91,0.309,0.369,0.24,0,,,164,,
1126,NYM,NL,1967,498,672,61,0.288,0.325,0.238,0,,,162,,
1127,NYY,AL,1967,522,621,72,0.296,0.317,0.225,0,,,163,,
1128,PHI,NL,1967,612,581,82,0.313,0.357,0.242,0,,,162,,
1129,PIT,NL,1967,679,693,81,0.324,0.38,0.277,0,,,163,,
1130,SFG,NL,1967,652,551,91,0.313,0.372,0.245,0,,,162,,
1131,STL,NL,1967,695,557,101,0.32,0.379,0.263,1,1,1,161,,
1132,WSA,AL,1967,550,637,76,0.288,0.326,0.223,0,,,161,,
1133,ATL,NL,1966,782,683,85,0.326,0.424,0.263,0,,,163,,
1134,BAL,AL,1966,755,601,97,0.324,0.409,0.258,1,1,1,160,,
1135,BOS,AL,1966,655,731,72,0.31,0.376,0.24,0,,,162,,
1136,CAL,AL,1966,604,643,80,0.303,0.354,0.232,0,,,162,,
1137,CHC,NL,1966,644,809,59,0.313,0.38,0.254,0,,,162,,
1138,CHW,AL,1966,574,517,83,0.297,0.331,0.231,0,,,163,,
1139,CIN,NL,1966,692,702,76,0.309,0.395,0.26,0,,,160,,
1140,CLE,AL,1966,574,586,81,0.297,0.36,0.237,0,,,162,,
1141,DET,AL,1966,719,698,88,0.321,0.406,0.251,0,,,162,,
1142,HOU,NL,1966,612,695,72,0.318,0.365,0.255,0,,,163,,
1143,KCA,AL,1966,564,648,74,0.294,0.337,0.236,0,,,160,,
1144,LAD,NL,1966,606,490,95,0.314,0.362,0.256,1,2,2,162,,
1145,MIN,AL,1966,663,581,89,0.316,0.382,0.249,0,,,162,,
1146,NYM,NL,1966,587,761,66,0.301,0.342,0.239,0,,,161,,
1147,NYY,AL,1966,611,612,70,0.299,0.374,0.235,0,,,160,,
1148,PHI,NL,1966,696,640,87,0.322,0.378,0.258,0,,,162,,
1149,PIT,NL,1966,759,641,92,0.329,0.428,0.279,0,,,162,,
1150,SFG,NL,1966,675,626,93,0.303,0.392,0.248,0,,,161,,
1151,STL,NL,1966,571,577,83,0.298,0.368,0.251,0,,,162,,
1152,WSA,AL,1966,557,659,71,0.295,0.355,0.234,0,,,159,,
1153,BAL,AL,1965,641,578,94,0.307,0.363,0.238,0,,,162,,
1154,BOS,AL,1965,669,791,62,0.327,0.4,0.251,0,,,162,,
1155,CAL,AL,1965,527,569,75,0.297,0.341,0.239,0,,,162,,
1156,CHC,NL,1965,635,723,72,0.307,0.358,0.238,0,,,164,,
1157,CHW,AL,1965,647,555,95,0.315,0.364,0.246,0,,,162,,
1158,CIN,NL,1965,825,704,89,0.339,0.439,0.273,0,,,162,,
1159,CLE,AL,1965,663,613,87,0.315,0.379,0.25,0,,,162,,
1160,DET,AL,1965,680,602,89,0.312,0.374,0.238,0,,,162,,
1161,HOU,NL,1965,569,711,65,0.305,0.34,0.237,0,,,162,,
1162,KCA,AL,1965,585,755,59,0.309,0.358,0.24,0,,,162,,
1163,LAD,NL,1965,608,521,97,0.312,0.335,0.245,1,2,1,162,,
1164,MIN,AL,1965,774,600,102,0.324,0.399,0.254,1,1,2,162,,
1165,MLN,NL,1965,708,633,86,0.31,0.416,0.256,0,,,162,,
1166,NYM,NL,1965,495,752,50,0.277,0.327,0.221,0,,,164,,
1167,NYY,AL,1965,611,604,77,0.299,0.364,0.235,0,,,162,,
1168,PHI,NL,1965,654,667,85,0.313,0.384,0.25,0,,,162,,
1169,PIT,NL,1965,675,580,90,0.317,0.382,0.265,0,,,163,,
1170,SFG,NL,1965,682,593,95,0.313,0.385,0.252,0,,,163,,
1171,STL,NL,1965,707,674,80,0.314,0.371,0.254,0,,,162,,
1172,WSA,AL,1965,591,721,70,0.304,0.35,0.228,0,,,162,,
1173,BAL,AL,1964,679,567,97,0.316,0.387,0.248,0,,,163,,
1174,BOS,AL,1964,688,793,72,0.322,0.416,0.258,0,,,162,,
1175,CHC,NL,1964,649,724,76,0.314,0.39,0.251,0,,,162,,
1176,CHW,AL,1964,642,501,98,0.32,0.353,0.247,0,,,162,,
1177,CIN,NL,1964,660,566,92,0.308,0.372,0.249,0,,,163,,
1178,CLE,AL,1964,689,693,79,0.312,0.38,0.247,0,,,164,,
1179,DET,AL,1964,699,678,85,0.319,0.395,0.253,0,,,163,,
1180,HOU,NL,1964,495,628,66,0.285,0.315,0.229,0,,,162,,
1181,KCA,AL,1964,621,836,57,0.311,0.379,0.239,0,,,163,,
1182,LAA,AL,1964,544,551,82,0.304,0.344,0.242,0,,,162,,
1183,LAD,NL,1964,614,572,80,0.305,0.34,0.25,0,,,164,,
1184,MIN,AL,1964,737,678,79,0.322,0.427,0.252,0,,,163,,
1185,MLN,NL,1964,803,744,88,0.333,0.418,0.272,0,,,162,,
1186,NYM,NL,1964,569,776,53,0.296,0.348,0.246,0,,,163,,
1187,NYY,AL,1964,730,577,99,0.317,0.387,0.253,1,1,2,164,,
1188,PHI,NL,1964,693,632,92,0.315,0.391,0.258,0,,,162,,
1189,PIT,NL,1964,663,636,80,0.315,0.389,0.264,0,,,162,,
1190,SFG,NL,1964,656,587,90,0.31,0.382,0.246,0,,,162,,
1191,STL,NL,1964,715,652,93,0.324,0.392,0.272,1,2,1,162,,
1192,WSA,AL,1964,578,733,62,0.299,0.348,0.231,0,,,162,,
1193,BAL,AL,1963,644,621,86,0.31,0.38,0.249,0,,,162,,
1194,BOS,AL,1963,666,704,76,0.312,0.4,0.252,0,,,161,,
1195,CHC,NL,1963,570,578,82,0.297,0.363,0.238,0,,,162,,
1196,CHW,AL,1963,683,544,94,0.323,0.365,0.25,0,,,162,,
1197,CIN,NL,1963,648,594,86,0.31,0.371,0.246,0,,,162,,
1198,CLE,AL,1963,635,702,79,0.301,0.381,0.239,0,,,162,,
1199,DET,AL,1963,700,703,79,0.327,0.382,0.252,0,,,162,,
1200,HOU,NL,1963,464,640,66,0.283,0.301,0.22,0,,,162,,
1201,KCA,AL,1963,615,704,73,0.313,0.353,0.247,0,,,162,,
1202,LAA,AL,1963,597,660,70,0.309,0.354,0.25,0,,,161,,
1203,LAD,NL,1963,640,550,99,0.309,0.357,0.251,1,2,1,163,,
1204,MIN,AL,1963,767,602,91,0.325,0.43,0.255,0,,,161,,
1205,MLN,NL,1963,677,603,84,0.312,0.37,0.244,0,,,163,,
1206,NYM,NL,1963,501,774,51,0.285,0.315,0.219,0,,,162,,
1207,NYY,AL,1963,714,547,104,0.309,0.403,0.252,1,1,2,161,,
1208,PHI,NL,1963,642,578,87,0.306,0.381,0.252,0,,,162,,
1209,PIT,NL,1963,567,595,74,0.309,0.359,0.25,0,,,162,,
1210,SFG,NL,1963,725,641,88,0.316,0.414,0.258,0,,,162,,
1211,STL,NL,1963,747,628,93,0.326,0.403,0.271,0,,,162,,
1212,WSA,AL,1963,578,812,56,0.293,0.351,0.227,0,,,162,,
1213,BAL,AL,1962,652,680,77,0.314,0.387,0.248,0,,,162,,
1214,BOS,AL,1962,707,756,76,0.324,0.403,0.258,0,,,160,,
1215,CHC,NL,1962,632,827,59,0.317,0.377,0.253,0,,,162,,
1216,CHW,AL,1962,707,658,85,0.334,0.372,0.257,0,,,162,,
1217,CIN,NL,1962,802,685,98,0.332,0.417,0.27,0,,,162,,
1218,CLE,AL,1962,682,745,80,0.312,0.388,0.245,0,,,162,,
1219,DET,AL,1962,758,692,85,0.33,0.411,0.248,0,,,161,,
1220,HOU,NL,1962,592,717,64,0.31,0.351,0.246,0,,,162,,
1221,KCA,AL,1962,745,837,72,0.332,0.386,0.263,0,,,162,,
1222,LAA,AL,1962,718,706,86,0.325,0.38,0.25,0,,,162,,
1223,LAD,NL,1962,842,697,102,0.337,0.4,0.268,0,,,165,,
1224,MIN,AL,1962,798,713,91,0.338,0.412,0.26,0,,,163,,
1225,MLN,NL,1962,730,665,86,0.326,0.403,0.252,0,,,162,,
1226,NYM,NL,1962,617,948,40,0.318,0.361,0.24,0,,,161,,
1227,NYY,AL,1962,817,680,96,0.337,0.426,0.267,1,2,1,162,,
1228,PHI,NL,1962,705,759,81,0.33,0.39,0.26,0,,,161,,
1229,PIT,NL,1962,706,626,93,0.321,0.394,0.268,0,,,161,,
1230,SFG,NL,1962,878,690,103,0.341,0.441,0.278,1,1,2,165,,
1231,STL,NL,1962,774,664,84,0.335,0.394,0.271,0,,,163,,
1232,WSA,AL,1962,599,716,60,0.308,0.373,0.25,0,,,162,,
